{"cameraMode":{"drawMode":0,"name":"Shaded","section":"Shading Mode"},"sceneLighting":false,"audioPlay":false,"sceneViewState":{"m_AlwaysRefresh":false,"showFog":true,"showSkybox":false,"showFlares":true,"showImageEffects":true,"showParticleSystems":true,"showVisualEffectGraphs":true,"m_FxEnabled":true},"in2DMode":false,"pivot":{"x":-1.1000001430511475,"y":-1.5319764614105225,"z":-23.697643280029298},"rotation":{"x":0.1354726105928421,"y":0.37608984112739565,"z":-0.05568768456578255,"w":0.9149389863014221},"size":14.044416427612305,"orthographic":false}